name,team,imageUrl,overallAvg,basesEmptyAvg,runner1Avg,runner2Avg,runner3Avg,runner12Avg,runner13Avg,runner23Avg,basesLoadedAvg
양의지,두산,https://6ptotvmi5753.edge.naverncp.com/KBO_IMAGE/person/middle/2026/76232.jpg,0.337,0.310,0.356,0.386,0.333,0.395,0.357,0.333,0.375
안현민,KT,https://6ptotvmi5753.edge.naverncp.com/KBO_IMAGE/person/middle/2026/52001.jpg,0.334,0.315,0.375,0.343,0.667,0.263,0.625,0.111,0.333
김성윤,삼성,https://6ptotvmi5753.edge.naverncp.com/KBO_IMAGE/person/middle/2026/67449.jpg,0.331,0.331,0.250,0.400,0.667,0.300,0.538,0.375,0.222
레이예스,롯데,https://6ptotvmi5753.edge.naverncp.com/KBO_IMAGE/person/middle/2026/54529.jpg,0.326,0.309,0.304,0.347,0.400,0.377,0.368,0.200,0.571
문현빈,한화,https://6ptotvmi5753.edge.naverncp.com/KBO_IMAGE/person/middle/2026/53764.jpg,0.320,0.297,0.388,0.222,0.409,0.323,0.389,0.250,0.455
구자욱,삼성,https://6ptotvmi5753.edge.naverncp.com/KBO_IMAGE/person/middle/2026/62404.jpg,0.319,0.302,0.314,0.262,0.385,0.439,0.304,0.000,0.545
송성문,키움,https://6ptotvmi5753.edge.naverncp.com/KBO_IMAGE/person/middle/2025/65357.jpg,0.315,0.297,0.311,0.276,0.462,0.347,0.556,0.667,0.222
디아즈,삼성,https://6ptotvmi5753.edge.naverncp.com/KBO_IMAGE/person/middle/2026/54400.jpg,0.314,0.290,0.308,0.240,0.462,0.393,0.478,0.385,0.250
신민재,LG,https://6ptotvmi5753.edge.naverncp.com/KBO_IMAGE/person/middle/2026/65207.jpg,0.313,0.271,0.308,0.341,0.529,0.375,0.364,0.364,0.563
오스틴,LG,https://6ptotvmi5753.edge.naverncp.com/KBO_IMAGE/person/middle/2026/53123.jpg,0.313,0.306,0.354,0.265,0.286,0.233,0.429,0.200,0.500
최형우,KIA,https://6ptotvmi5753.edge.naverncp.com/KBO_IMAGE/person/middle/2026/72443.jpg,0.307,0.286,0.371,0.200,0.333,0.271,0.625,0.375,0.385
문성주,LG,https://6ptotvmi5753.edge.naverncp.com/KBO_IMAGE/person/middle/2026/68119.jpg,0.305,0.263,0.394,0.250,0.316,0.351,0.278,0.400,0.429
박민우,NC,https://6ptotvmi5753.edge.naverncp.com/KBO_IMAGE/person/middle/2026/62907.jpg,0.302,0.228,0.324,0.500,0.385,0.464,0.375,0.333,0.300
케이브,두산,https://6ptotvmi5753.edge.naverncp.com/KBO_IMAGE/person/middle/2025/55208.jpg,0.299,0.290,0.311,0.319,0.167,0.292,0.278,0.571,0.333
김현수,LG,https://6ptotvmi5753.edge.naverncp.com/KBO_IMAGE/person/middle/2026/76290.jpg,0.298,0.282,0.261,0.438,0.235,0.359,0.286,0.267,0.600
전준우,롯데,https://6ptotvmi5753.edge.naverncp.com/KBO_IMAGE/person/middle/2026/78513.jpg,0.293,0.251,0.291,0.277,0.875,0.267,0.520,0.167,0.333
김주원,NC,https://6ptotvmi5753.edge.naverncp.com/KBO_IMAGE/person/middle/2026/51907.jpg,0.289,0.279,0.306,0.250,0.286,0.400,0.556,0.083,0.333
채은성,한화,https://6ptotvmi5753.edge.naverncp.com/KBO_IMAGE/person/middle/2026/79192.jpg,0.288,0.249,0.341,0.294,0.333,0.381,0.267,0.154,0.538
박찬호,KIA,https://6ptotvmi5753.edge.naverncp.com/KBO_IMAGE/person/middle/2026/64646.jpg,0.287,0.279,0.307,0.293,0.333,0.280,0.333,0.300,0.222
최지훈,SSG,https://6ptotvmi5753.edge.naverncp.com/KBO_IMAGE/person/middle/2026/50854.jpg,0.284,0.289,0.270,0.308,0.250,0.296,0.278,0.100,0.364
허경민,KT,https://6ptotvmi5753.edge.naverncp.com/KBO_IMAGE/person/middle/2026/79240.jpg,0.283,0.268,0.315,0.100,0.273,0.345,0.471,0.333,0.000
류지혁,삼성,https://6ptotvmi5753.edge.naverncp.com/KBO_IMAGE/person/middle/2026/62234.jpg,0.280,0.262,0.394,0.167,0.143,0.222,0.308,0.500,0.278
고명준,SSG,https://6ptotvmi5753.edge.naverncp.com/KBO_IMAGE/person/middle/2026/51868.jpg,0.278,0.302,0.270,0.182,0.333,0.298,0.211,0.286,0.150
박해민,LG,https://6ptotvmi5753.edge.naverncp.com/KBO_IMAGE/person/middle/2026/62415.jpg,0.276,0.314,0.215,0.167,0.167,0.278,0.364,0.200,0.200
문보경,LG,https://6ptotvmi5753.edge.naverncp.com/KBO_IMAGE/person/middle/2026/69102.jpg,0.276,0.277,0.276,0.233,0.286,0.327,0.267,0.083,0.333
최주환,키움,https://6ptotvmi5753.edge.naverncp.com/KBO_IMAGE/person/middle/2026/76267.jpg,0.275,0.264,0.280,0.273,0.222,0.344,0.375,0.111,0.294
박성한,SSG,https://6ptotvmi5753.edge.naverncp.com/KBO_IMAGE/person/middle/2026/67893.jpg,0.274,0.282,0.247,0.286,0.364,0.200,0.263,0.200,0.429
한유섬,SSG,https://6ptotvmi5753.edge.naverncp.com/KBO_IMAGE/person/middle/2026/62895.jpg,0.273,0.256,0.289,0.243,0.167,0.302,0.364,0.250,0.417
고승민,롯데,https://6ptotvmi5753.edge.naverncp.com/KBO_IMAGE/person/middle/2026/69517.jpg,0.271,0.253,0.363,0.318,0.176,0.114,0.714,0.182,0.211
강민호,삼성,https://6ptotvmi5753.edge.naverncp.com/KBO_IMAGE/person/middle/2026/74540.jpg,0.269,0.230,0.288,0.346,0.500,0.349,0.333,0.333,0.154
오선우,KIA,https://6ptotvmi5753.edge.naverncp.com/KBO_IMAGE/person/middle/2026/69636.jpg,0.265,0.263,0.304,0.250,0.182,0.205,0.455,0.000,0.308
노시환,한화,https://6ptotvmi5753.edge.naverncp.com/KBO_IMAGE/person/middle/2026/69737.jpg,0.260,0.260,0.225,0.292,0.214,0.357,0.300,0.273,0.100
정수빈,두산,https://6ptotvmi5753.edge.naverncp.com/KBO_IMAGE/person/middle/2026/79231.jpg,0.258,0.259,0.319,0.152,0.267,0.167,0.375,0.455,0.000
이재현,삼성,https://6ptotvmi5753.edge.naverncp.com/KBO_IMAGE/person/middle/2026/52415.jpg,0.254,0.257,0.236,0.150,0.385,0.267,0.231,0.500,0.333
오지환,LG,https://6ptotvmi5753.edge.naverncp.com/KBO_IMAGE/person/middle/2026/79109.jpg,0.253,0.229,0.272,0.391,0.200,0.158,0.417,0.143,0.444
박동원,LG,https://6ptotvmi5753.edge.naverncp.com/KBO_IMAGE/person/middle/2026/79365.jpg,0.253,0.241,0.310,0.342,0.333,0.190,0.200,0.167,0.118
김휘집,NC,https://6ptotvmi5753.edge.naverncp.com/KBO_IMAGE/person/middle/2026/51344.jpg,0.249,0.254,0.244,0.280,0.154,0.182,0.231,0.364,0.273
김영웅,삼성,https://6ptotvmi5753.edge.naverncp.com/KBO_IMAGE/person/middle/2026/52430.jpg,0.249,0.209,0.333,0.310,0.308,0.211,0.316,0.100,0.333
장성우,KT,https://6ptotvmi5753.edge.naverncp.com/KBO_IMAGE/person/middle/2026/78548.jpg,0.247,0.250,0.309,0.161,0.250,0.227,0.111,0.167,0.250
권희동,NC,https://6ptotvmi5753.edge.naverncp.com/KBO_IMAGE/person/middle/2026/63963.jpg,0.246,0.264,0.185,0.250,0.231,0.174,0.286,0.333,0.333
최원준,NC,https://6ptotvmi5753.edge.naverncp.com/KBO_IMAGE/person/middle/2026/66606.jpg,0.242,0.237,0.280,0.355,0.364,0.214,0.091,0.077,0.000
이주형,키움,https://6ptotvmi5753.edge.naverncp.com/KBO_IMAGE/person/middle/2026/50167.jpg,0.240,0.243,0.209,0.250,0.500,0.211,0.231,0.000,0.333
위즈덤,KIA,https://6ptotvmi5753.edge.naverncp.com/KBO_IMAGE/person/middle/2025/55645.jpg,0.236,0.259,0.224,0.111,0.429,0.175,0.100,0.125,0.474
김준태,LG,https://6ptotvmi5753.edge.naverncp.com/KBO_IMAGE/person/middle/2026/62558.jpg,1.000,,,,,,,,
이주헌,LG,https://6ptotvmi5753.edge.naverncp.com/KBO_IMAGE/person/middle/2026/52154.jpg,0.219,0.243,0.259,0.125,0.000,0.100,0.000,0.333,0.000
김성우,LG,https://6ptotvmi5753.edge.naverncp.com/KBO_IMAGE/person/middle/2026/52105.jpg,0.200,0.000,0.000,,1.000,0.000,,,0.000
구본혁,LG,https://6ptotvmi5753.edge.naverncp.com/KBO_IMAGE/person/middle/2026/69100.jpg,0.286,0.286,0.259,0.333,0.000,0.296,0.571,0.250,0.286
천성호,LG,https://6ptotvmi5753.edge.naverncp.com/KBO_IMAGE/person/middle/2026/50054.jpg,0.237,0.211,0.289,0.200,0.500,0.083,0.000,,0.571
이영빈,LG,https://6ptotvmi5753.edge.naverncp.com/KBO_IMAGE/person/middle/2026/51100.jpg,0.208,0.205,0.167,0.125,0.500,0.400,0.000,0.500,0.000
김주성,LG,https://6ptotvmi5753.edge.naverncp.com/KBO_IMAGE/person/middle/2026/66162.jpg,0.200,,,,,,,,
손용준,LG,https://6ptotvmi5753.edge.naverncp.com/KBO_IMAGE/person/middle/2026/54156.jpg,0.200,,,,,,,,
김정율,LG,https://6ptotvmi5753.edge.naverncp.com/KBO_IMAGE/person/middle/2026/67504.jpg,0.182,0.200,0.333,0.000,,0.000,,,
문정빈,LG,https://6ptotvmi5753.edge.naverncp.com/KBO_IMAGE/person/middle/2026/52121.jpg,0.167,0.333,0.091,0.000,1.000,0.000,,0.000,
김현종,LG,https://6ptotvmi5753.edge.naverncp.com/KBO_IMAGE/person/middle/2026/54166.jpg,0.400,,,,,,,,
홍창기,LG,https://6ptotvmi5753.edge.naverncp.com/KBO_IMAGE/person/middle/2026/66108.jpg,0.287,0.311,0.400,0.000,0.000,0.125,0.667,0.200,0.500
최원영,LG,https://6ptotvmi5753.edge.naverncp.com/KBO_IMAGE/person/middle/2026/52103.jpg,0.282,0.339,0.222,0.286,,0.182,0.000,0.000,0.000
박관우,LG,https://6ptotvmi5753.edge.naverncp.com/KBO_IMAGE/person/middle/2026/55164.jpg,0.264,0.120,0.545,0.000,,0.429,0.000,0.500,0.000
송찬의,LG,https://6ptotvmi5753.edge.naverncp.com/KBO_IMAGE/person/middle/2026/68110.jpg,0.211,0.244,0.097,0.200,0.000,0.250,0.000,0.000,0.571
함창건,LG,https://6ptotvmi5753.edge.naverncp.com/KBO_IMAGE/person/middle/2026/50108.jpg,0.188,0.091,0.364,0.250,,0.000,0.000,0.000,0.000
최승민,LG,https://6ptotvmi5753.edge.naverncp.com/KBO_IMAGE/person/middle/2025/65905.jpg,0.000,,,,,,,,
강백호,KT,https://6ptotvmi5753.edge.naverncp.com/KBO_IMAGE/person/middle/2026/68050.jpg,0.265,0.255,0.244,0.320,0.222,0.212,0.455,0.500,0.333
강현우,KT,https://6ptotvmi5753.edge.naverncp.com/KBO_IMAGE/person/middle/2026/50066.jpg,0.188,0.139,0.273,0.167,0.000,0.500,0.333,0.500,0.000
조대현,KT,https://6ptotvmi5753.edge.naverncp.com/KBO_IMAGE/person/middle/2026/68089.jpg,0.187,0.083,0.188,0.500,0.000,0.333,0.000,0.000,1.000
이호연,KT,https://6ptotvmi5753.edge.naverncp.com/KBO_IMAGE/person/middle/2026/68504.jpg,0.343,0.342,0.417,0.250,0.000,0.444,0.000,0.000,0.333
황재균,KT,https://6ptotvmi5753.edge.naverncp.com/KBO_IMAGE/person/middle/2025/76313.jpg,0.275,0.226,0.293,0.188,0.556,0.394,0.556,0.000,0.714
박민석,KT,https://6ptotvmi5753.edge.naverncp.com/KBO_IMAGE/person/middle/2026/69056.jpg,0.263,0.250,0.333,0.000,,,,,
오윤석,KT,https://6ptotvmi5753.edge.naverncp.com/KBO_IMAGE/person/middle/2026/64504.jpg,0.256,0.230,0.269,0.231,0.500,0.250,0.600,0.333,0.250
김상수,KT,https://6ptotvmi5753.edge.naverncp.com/KBO_IMAGE/person/middle/2026/79402.jpg,0.254,0.228,0.278,0.303,0.286,0.283,0.444,0.200,0.125
권동진,KT,https://6ptotvmi5753.edge.naverncp.com/KBO_IMAGE/person/middle/2026/51003.jpg,0.225,0.197,0.246,0.063,0.500,0.333,0.333,0.333,0.200
문상철,KT,https://6ptotvmi5753.edge.naverncp.com/KBO_IMAGE/person/middle/2026/64007.jpg,0.214,0.255,0.133,0.000,0.500,0.250,0.143,0.200,0.000
장준원,KT,https://6ptotvmi5753.edge.naverncp.com/KBO_IMAGE/person/middle/2026/64115.jpg,0.207,0.169,0.375,0.455,0.000,0.000,0.000,0.200,0.000
윤준혁,KT,https://6ptotvmi5753.edge.naverncp.com/KBO_IMAGE/person/middle/2026/50092.jpg,0.059,,,,,,,,
강민성,KT,https://6ptotvmi5753.edge.naverncp.com/KBO_IMAGE/person/middle/2026/69064.jpg,0.033,,,,,,,,
김민혁,KT,https://6ptotvmi5753.edge.naverncp.com/KBO_IMAGE/person/middle/2026/64004.jpg,0.287,0.318,0.224,0.208,0.167,0.227,0.385,0.167,0.385
스티븐슨,KT,https://6ptotvmi5753.edge.naverncp.com/KBO_IMAGE/person/middle/2025/55013.jpg,0.262,0.264,0.259,0.154,0.500,0.250,0.000,0.500,1.000
이정훈,KT,https://6ptotvmi5753.edge.naverncp.com/KBO_IMAGE/person/middle/2026/67644.jpg,0.258,0.211,0.400,0.400,0.000,0.308,0.000,0.200,0.250
로하스,KT,https://6ptotvmi5753.edge.naverncp.com/KBO_IMAGE/person/middle/2025/67025.jpg,0.239,0.270,0.164,0.333,0.125,0.192,0.143,0.000,0.375
안치영,KT,https://6ptotvmi5753.edge.naverncp.com/KBO_IMAGE/person/middle/2026/67006.jpg,0.227,0.167,0.286,0.667,,0.200,0.000,0.000,0.500
장진혁,KT,https://6ptotvmi5753.edge.naverncp.com/KBO_IMAGE/person/middle/2026/66706.jpg,0.209,0.250,0.095,0.125,0.000,0.250,0.000,0.400,0.000
배정대,KT,https://6ptotvmi5753.edge.naverncp.com/KBO_IMAGE/person/middle/2026/64166.jpg,0.204,0.168,0.200,0.316,0.500,0.240,0.000,0.500,0.000
김병준,KT,https://6ptotvmi5753.edge.naverncp.com/KBO_IMAGE/person/middle/2026/52002.jpg,0.200,,,,,,,,
유준규,KT,https://6ptotvmi5753.edge.naverncp.com/KBO_IMAGE/person/middle/2026/51013.jpg,0.118,0.118,0.125,,,0.000,0.333,0.000,0.000
최성민,KT,https://6ptotvmi5753.edge.naverncp.com/KBO_IMAGE/person/middle/2026/51007.jpg,0.105,,,,,,,,
김건형,KT,https://6ptotvmi5753.edge.naverncp.com/KBO_IMAGE/person/middle/2025/51005.jpg,0.000,,,,,,,,
김도환,삼성,https://6ptotvmi5753.edge.naverncp.com/KBO_IMAGE/person/middle/2026/69442.jpg,0.286,,,,,,,,
이병헌,삼성,https://6ptotvmi5753.edge.naverncp.com/KBO_IMAGE/person/middle/2026/69428.jpg,0.200,0.152,0.273,0.000,,0.000,0.500,0.000,0.500
김재성,삼성,https://6ptotvmi5753.edge.naverncp.com/KBO_IMAGE/person/middle/2026/65132.jpg,0.127,0.103,0.222,0.000,0.000,0.000,0.000,0.667,0.000
박진우,삼성,https://6ptotvmi5753.edge.naverncp.com/KBO_IMAGE/person/middle/2026/53411.jpg,0.000,,,,,,,,
전병우,삼성,https://6ptotvmi5753.edge.naverncp.com/KBO_IMAGE/person/middle/2026/65586.jpg,0.273,0.238,0.214,0.143,1.000,0.333,0.667,,0.500
양도근,삼성,https://6ptotvmi5753.edge.naverncp.com/KBO_IMAGE/person/middle/2026/54408.jpg,0.259,0.242,0.353,0.182,0.000,0.231,0.200,0.500,0.200
안주형,삼성,https://6ptotvmi5753.edge.naverncp.com/KBO_IMAGE/person/middle/2025/66406.jpg,0.235,,,,,,,,
이창용,삼성,https://6ptotvmi5753.edge.naverncp.com/KBO_IMAGE/person/middle/2026/51407.jpg,0.200,0.286,0.000,,1.000,0.000,,0.000,0.000
이해승,삼성,https://6ptotvmi5753.edge.naverncp.com/KBO_IMAGE/person/middle/2026/69416.jpg,0.200,,,,,,,,
박병호,삼성,https://6ptotvmi5753.edge.naverncp.com/KBO_IMAGE/person/middle/2026/75125.jpg,0.199,0.238,0.079,0.333,0.000,0.077,0.286,0.000,0.250
양우현,삼성,https://6ptotvmi5753.edge.naverncp.com/KBO_IMAGE/person/middle/2026/69403.jpg,0.188,0.000,0.250,0.333,,0.000,0.500,,0.000
심재훈,삼성,https://6ptotvmi5753.edge.naverncp.com/KBO_IMAGE/person/middle/2026/55438.jpg,0.184,0.095,0.375,0.000,,0.500,0.000,,0.500
차승준,삼성,https://6ptotvmi5753.edge.naverncp.com/KBO_IMAGE/person/middle/2026/55435.jpg,0.000,,,,,,,,
김태근,삼성,https://6ptotvmi5753.edge.naverncp.com/KBO_IMAGE/person/middle/2025/69207.jpg,0.333,,,,,,,,
박승규,삼성,https://6ptotvmi5753.edge.naverncp.com/KBO_IMAGE/person/middle/2026/69418.jpg,0.287,0.306,0.333,0.000,0.000,0.250,0.250,1.000,0.000
김지찬,삼성,https://6ptotvmi5753.edge.naverncp.com/KBO_IMAGE/person/middle/2026/50458.jpg,0.281,0.304,0.196,0.158,0.333,0.474,0.167,0.286,0.231
김태훈,삼성,https://6ptotvmi5753.edge.naverncp.com/KBO_IMAGE/person/middle/2026/65040.jpg,0.237,0.240,0.304,0.000,0.000,0.000,1.000,0.000,0.500
김헌곤,삼성,https://6ptotvmi5753.edge.naverncp.com/KBO_IMAGE/person/middle/2026/61404.jpg,0.225,0.266,0.257,0.059,0.500,0.000,0.000,0.333,0.000
함수호,삼성,https://6ptotvmi5753.edge.naverncp.com/KBO_IMAGE/person/middle/2026/55440.jpg,0.214,,,,,,,,
이성규,삼성,https://6ptotvmi5753.edge.naverncp.com/KBO_IMAGE/person/middle/2026/66409.jpg,0.198,0.206,0.083,0.500,0.500,0.077,0.000,0.286,0.000
윤정빈,삼성,https://6ptotvmi5753.edge.naverncp.com/KBO_IMAGE/person/middle/2026/68463.jpg,0.175,0.160,0.125,0.500,,0.500,0.000,,0.000
홍현빈,삼성,https://6ptotvmi5753.edge.naverncp.com/KBO_IMAGE/person/middle/2026/67005.jpg,0.125,0.118,0.111,1.000,0.000,0.000,0.000,,0.000
김재혁,삼성,https://6ptotvmi5753.edge.naverncp.com/KBO_IMAGE/person/middle/2026/52424.jpg,0.000,,,,,,,,
주효상,KIA,https://6ptotvmi5753.edge.naverncp.com/KBO_IMAGE/person/middle/2026/66354.jpg,0.333,,,,,,,,
김태군,KIA,https://6ptotvmi5753.edge.naverncp.com/KBO_IMAGE/person/middle/2026/78122.jpg,0.258,0.244,0.277,0.143,0.625,0.250,0.000,0.167,0.375
한승택,KIA,https://6ptotvmi5753.edge.naverncp.com/KBO_IMAGE/person/middle/2026/63722.jpg,0.238,0.375,0.200,,0.000,0.333,0.000,0.000,0.000
한준수,KIA,https://6ptotvmi5753.edge.naverncp.com/KBO_IMAGE/person/middle/2026/68646.jpg,0.225,0.197,0.333,0.056,0.167,0.286,0.200,0.200,0.333
김선빈,KIA,https://6ptotvmi5753.edge.naverncp.com/KBO_IMAGE/person/middle/2026/78603.jpg,0.321,0.323,0.264,0.188,0.500,0.400,0.600,0.667,0.333
김도영,KIA,https://6ptotvmi5753.edge.naverncp.com/KBO_IMAGE/person/middle/2026/52605.jpg,0.309,0.346,0.250,0.154,0.500,0.556,0.000,0.000,0.667
윤도현,KIA,https://6ptotvmi5753.edge.naverncp.com/KBO_IMAGE/person/middle/2026/52667.jpg,0.275,0.260,0.308,0.333,0.333,0.273,0.000,0.500,0.250
정현창,KIA,https://6ptotvmi5753.edge.naverncp.com/KBO_IMAGE/person/middle/2026/55926.jpg,0.263,,,,,,,,
김규성,KIA,https://6ptotvmi5753.edge.naverncp.com/KBO_IMAGE/person/middle/2026/66614.jpg,0.233,0.206,0.351,0.227,0.000,0.111,0.000,,0.444
변우혁,KIA,https://6ptotvmi5753.edge.naverncp.com/KBO_IMAGE/person/middle/2026/69727.jpg,0.218,0.149,0.233,0.263,1.000,0.375,0.000,0.333,0.400
박민,KIA,https://6ptotvmi5753.edge.naverncp.com/KBO_IMAGE/person/middle/2026/50657.jpg,0.202,0.241,0.095,0.333,0.000,0.125,0.250,1.000,0.000
황대인,KIA,https://6ptotvmi5753.edge.naverncp.com/KBO_IMAGE/person/middle/2026/65610.jpg,0.189,0.154,0.182,0.200,0.000,0.250,1.000,0.333,0.000
최정용,KIA,https://6ptotvmi5753.edge.naverncp.com/KBO_IMAGE/person/middle/2026/65464.jpg,0.167,,,,,,,,
서건창,KIA,https://6ptotvmi5753.edge.naverncp.com/KBO_IMAGE/person/middle/2026/78168.jpg,0.136,,,,,,,,
정해원,KIA,https://6ptotvmi5753.edge.naverncp.com/KBO_IMAGE/person/middle/2026/53659.jpg,0.075,,,,,,,,
고종욱,KIA,https://6ptotvmi5753.edge.naverncp.com/KBO_IMAGE/person/middle/2026/61353.jpg,0.296,0.309,0.211,0.333,0.000,0.364,0.000,1.000,0.500
김호령,KIA,https://6ptotvmi5753.edge.naverncp.com/KBO_IMAGE/person/middle/2026/65653.jpg,0.283,0.297,0.254,0.048,0.333,0.217,0.300,0.800,0.556
박정우,KIA,https://6ptotvmi5753.edge.naverncp.com/KBO_IMAGE/person/middle/2026/67609.jpg,0.274,0.290,0.250,0.167,1.000,0.200,0.000,,1.000
나성범,KIA,https://6ptotvmi5753.edge.naverncp.com/KBO_IMAGE/person/middle/2026/62947.jpg,0.268,0.285,0.240,0.438,0.167,0.161,0.250,0.000,0.750
김석환,KIA,https://6ptotvmi5753.edge.naverncp.com/KBO_IMAGE/person/middle/2026/67610.jpg,0.265,0.231,0.261,0.500,0.000,0.333,0.000,1.000,0.500
이창진,KIA,https://6ptotvmi5753.edge.naverncp.com/KBO_IMAGE/person/middle/2026/64560.jpg,0.161,0.133,0.333,0.400,,0.000,0.000,0.000,0.333
박헌,KIA,https://6ptotvmi5753.edge.naverncp.com/KBO_IMAGE/person/middle/2026/55637.jpg,0.083,,,,,,,,
박재현,KIA,https://6ptotvmi5753.edge.naverncp.com/KBO_IMAGE/person/middle/2026/55636.jpg,0.081,0.079,0.143,0.000,,0.000,0.500,,0.000
김기연,두산,https://6ptotvmi5753.edge.naverncp.com/KBO_IMAGE/person/middle/2026/66112.jpg,0.247,0.218,0.349,0.200,0.143,0.231,0.000,0.286,0.375
류현준,두산,https://6ptotvmi5753.edge.naverncp.com/KBO_IMAGE/person/middle/2026/54219.jpg,0.136,0.167,0.000,,0.000,0.250,,,0.000
김성재,두산,https://6ptotvmi5753.edge.naverncp.com/KBO_IMAGE/person/middle/2026/55216.jpg,0.000,,,,,,,,
박민준,두산,https://6ptotvmi5753.edge.naverncp.com/KBO_IMAGE/person/middle/2026/53204.jpg,0.000,,,,,,,,
박성재,두산,https://6ptotvmi5753.edge.naverncp.com/KBO_IMAGE/person/middle/2026/51298.jpg,0.000,0.000,0.000,,,,,,0.000
장승현,두산,https://6ptotvmi5753.edge.naverncp.com/KBO_IMAGE/person/middle/2026/63202.jpg,0.000,,,,,,,,
박지훈,두산,https://6ptotvmi5753.edge.naverncp.com/KBO_IMAGE/person/middle/2026/50204.jpg,0.417,,,,,,,,
안재석,두산,https://6ptotvmi5753.edge.naverncp.com/KBO_IMAGE/person/middle/2026/51203.jpg,0.319,0.288,0.200,0.429,1.000,0.400,0.500,0.667,1.000
박준순,두산,https://6ptotvmi5753.edge.naverncp.com/KBO_IMAGE/person/middle/2026/55252.jpg,0.284,0.309,0.262,0.192,0.200,0.348,0.143,0.286,0.000
임종성,두산,https://6ptotvmi5753.edge.naverncp.com/KBO_IMAGE/person/middle/2026/54236.jpg,0.277,0.279,0.211,0.333,0.000,0.600,0.000,0.250,0.500
박계범,두산,https://6ptotvmi5753.edge.naverncp.com/KBO_IMAGE/person/middle/2026/64468.jpg,0.263,0.238,0.182,0.429,0.143,0.333,0.000,0.333,0.667
오명진,두산,https://6ptotvmi5753.edge.naverncp.com/KBO_IMAGE/person/middle/2026/50208.jpg,0.263,0.274,0.268,0.208,0.200,0.182,0.444,0.182,0.333
양석환,두산,https://6ptotvmi5753.edge.naverncp.com/KBO_IMAGE/person/middle/2026/64153.jpg,0.248,0.273,0.226,0.231,0.167,0.130,0.286,0.500,0.167
이유찬,두산,https://6ptotvmi5753.edge.naverncp.com/KBO_IMAGE/person/middle/2026/67207.jpg,0.242,0.255,0.268,0.286,0.000,0.143,0.167,0.200,0.250
김동준,두산,https://6ptotvmi5753.edge.naverncp.com/KBO_IMAGE/person/middle/2026/52267.jpg,0.237,0.191,0.316,0.375,0.143,0.200,0.667,0.000,0.000
강승호,두산,https://6ptotvmi5753.edge.naverncp.com/KBO_IMAGE/person/middle/2026/63123.jpg,0.236,0.249,0.217,0.148,0.462,0.308,0.091,0.091,0.200
박준영,두산,https://6ptotvmi5753.edge.naverncp.com/KBO_IMAGE/person/middle/2025/66928.jpg,0.225,0.267,0.174,0.200,0.000,0.333,0.000,0.333,0.000
김준상,두산,https://6ptotvmi5753.edge.naverncp.com/KBO_IMAGE/person/middle/2026/55226.jpg,0.200,0.250,0.250,,0.000,0.000,,,0.000
이선우,두산,https://6ptotvmi5753.edge.naverncp.com/KBO_IMAGE/person/middle/2026/55224.jpg,0.182,,,,,,,,
김민혁,두산,https://6ptotvmi5753.edge.naverncp.com/KBO_IMAGE/person/middle/2026/65269.jpg,0.118,0.125,0.200,0.000,,0.000,,0.000,
여동건,두산,https://6ptotvmi5753.edge.naverncp.com/KBO_IMAGE/person/middle/2026/54205.jpg,0.105,,,,,,,,
홍성호,두산,https://6ptotvmi5753.edge.naverncp.com/KBO_IMAGE/person/middle/2026/66233.jpg,0.346,,,,,,,,
조수행,두산,https://6ptotvmi5753.edge.naverncp.com/KBO_IMAGE/person/middle/2026/66209.jpg,0.244,0.259,0.310,0.176,0.000,0.000,0.000,0.500,0.667
김재환,두산,https://6ptotvmi5753.edge.naverncp.com/KBO_IMAGE/person/middle/2026/78224.jpg,0.241,0.236,0.241,0.364,0.286,0.241,0.300,0.000,0.143
김민석,두산,https://6ptotvmi5753.edge.naverncp.com/KBO_IMAGE/person/middle/2026/53554.jpg,0.228,0.195,0.268,0.313,0.167,0.304,0.200,0.000,0.250
추재현,두산,https://6ptotvmi5753.edge.naverncp.com/KBO_IMAGE/person/middle/2026/68362.jpg,0.222,0.227,0.500,0.000,0.000,0.100,,0.333,0.250
김인태,두산,https://6ptotvmi5753.edge.naverncp.com/KBO_IMAGE/person/middle/2026/63257.jpg,0.213,0.207,0.167,0.235,0.333,0.143,0.333,0.200,0.333
김대한,두산,https://6ptotvmi5753.edge.naverncp.com/KBO_IMAGE/person/middle/2026/69238.jpg,0.194,,,,,,,,
전다민,두산,https://6ptotvmi5753.edge.naverncp.com/KBO_IMAGE/person/middle/2026/54214.jpg,0.083,,,,,,,,
강현구,두산,https://6ptotvmi5753.edge.naverncp.com/KBO_IMAGE/person/middle/2025/51269.jpg,0.000,,,,,,,,
천현재,두산,https://6ptotvmi5753.edge.naverncp.com/KBO_IMAGE/person/middle/2026/52208.jpg,0.000,,,,,,,,
장규현,한화,https://6ptotvmi5753.edge.naverncp.com/KBO_IMAGE/person/middle/2026/51762.jpg,1.000,,,,,,,,
최재훈,한화,https://6ptotvmi5753.edge.naverncp.com/KBO_IMAGE/person/middle/2026/78288.jpg,0.286,0.240,0.333,0.381,0.571,0.294,0.400,0.000,0.375
이재원,한화,https://6ptotvmi5753.edge.naverncp.com/KBO_IMAGE/person/middle/2026/76812.jpg,0.200,,,,,,,,
허인서,한화,https://6ptotvmi5753.edge.naverncp.com/KBO_IMAGE/person/middle/2026/52764.jpg,0.172,0.200,0.000,0.333,1.000,0.000,,0.000,0.000
이승현,한화,https://6ptotvmi5753.edge.naverncp.com/KBO_IMAGE/person/middle/2026/55712.jpg,1.000,,,,,,,,
하주석,한화,https://6ptotvmi5753.edge.naverncp.com/KBO_IMAGE/person/middle/2026/62700.jpg,0.297,0.320,0.196,0.353,0.333,0.233,0.455,0.500,0.333
황영묵,한화,https://6ptotvmi5753.edge.naverncp.com/KBO_IMAGE/person/middle/2026/54795.jpg,0.273,0.267,0.260,0.250,0.333,0.211,0.375,0.429,0.500
이도윤,한화,https://6ptotvmi5753.edge.naverncp.com/KBO_IMAGE/person/middle/2026/65703.jpg,0.260,0.258,0.283,0.308,0.000,0.125,0.300,0.364,0.333
심우준,한화,https://6ptotvmi5753.edge.naverncp.com/KBO_IMAGE/person/middle/2026/64006.jpg,0.231,0.243,0.170,0.125,0.500,0.333,0.286,0.000,0.375
안치홍,한화,https://6ptotvmi5753.edge.naverncp.com/KBO_IMAGE/person/middle/2026/79608.jpg,0.172,0.150,0.156,0.200,0.250,0.200,0.333,0.333,0.250
권광민,한화,https://6ptotvmi5753.edge.naverncp.com/KBO_IMAGE/person/middle/2026/52769.jpg,0.167,,,,,,,,
김인환,한화,https://6ptotvmi5753.edge.naverncp.com/KBO_IMAGE/person/middle/2025/66715.jpg,0.080,0.000,0.500,0.000,0.000,0.333,,,0.000
박정현,한화,https://6ptotvmi5753.edge.naverncp.com/KBO_IMAGE/person/middle/2026/50709.jpg,0.000,,,,,,,,
리베라토,한화,https://6ptotvmi5753.edge.naverncp.com/KBO_IMAGE/person/middle/2025/55703.jpg,0.313,0.293,0.340,0.364,0.250,0.389,0.200,0.000,0.667
손아섭,한화,https://6ptotvmi5753.edge.naverncp.com/KBO_IMAGE/person/middle/2026/77532.jpg,0.288,0.276,0.286,0.405,0.071,0.250,0.333,0.300,0.368
이진영,한화,https://6ptotvmi5753.edge.naverncp.com/KBO_IMAGE/person/middle/2026/66657.jpg,0.274,0.272,0.322,0.381,0.000,0.095,0.400,0.250,0.286
플로리얼,한화,https://6ptotvmi5753.edge.naverncp.com/KBO_IMAGE/person/middle/2025/55734.jpg,0.271,0.266,0.371,0.133,0.167,0.333,0.143,0.200,0.333
김태연,한화,https://6ptotvmi5753.edge.naverncp.com/KBO_IMAGE/person/middle/2026/66704.jpg,0.261,0.280,0.268,0.263,0.000,0.190,0.000,0.167,0.250
최인호,한화,https://6ptotvmi5753.edge.naverncp.com/KBO_IMAGE/person/middle/2026/50707.jpg,0.259,0.167,0.444,0.273,0.333,0.400,0.500,0.400,0.000
이원석,한화,https://6ptotvmi5753.edge.naverncp.com/KBO_IMAGE/person/middle/2026/68700.jpg,0.203,0.202,0.323,0.125,0.000,0.059,0.222,0.111,0.600
이상혁,한화,https://6ptotvmi5753.edge.naverncp.com/KBO_IMAGE/person/middle/2026/52704.jpg,0.200,0.167,,0.000,1.000,0.000,0.000,,
임종찬,한화,https://6ptotvmi5753.edge.naverncp.com/KBO_IMAGE/person/middle/2026/50704.jpg,0.167,0.211,0.000,0.000,,0.000,,1.000,0.000
유로결,한화,https://6ptotvmi5753.edge.naverncp.com/KBO_IMAGE/person/middle/2026/69766.jpg,0.154,,,,,,,,
이민재,한화,https://6ptotvmi5753.edge.naverncp.com/KBO_IMAGE/person/middle/2026/55710.jpg,0.000,,,,,,,,
김정호,NC,https://6ptotvmi5753.edge.naverncp.com/KBO_IMAGE/person/middle/2026/51903.jpg,0.444,,,,,,,,
김형준,NC,https://6ptotvmi5753.edge.naverncp.com/KBO_IMAGE/person/middle/2026/68912.jpg,0.232,0.214,0.200,0.333,0.250,0.290,0.364,0.143,0.182
박세혁,NC,https://6ptotvmi5753.edge.naverncp.com/KBO_IMAGE/person/middle/2026/62244.jpg,0.163,0.108,0.176,0.182,,0.267,0.000,0.000,0.500
안중열,NC,https://6ptotvmi5753.edge.naverncp.com/KBO_IMAGE/person/middle/2026/64022.jpg,0.143,0.143,0.100,0.000,0.000,0.333,,0.000,0.333
김한별,NC,https://6ptotvmi5753.edge.naverncp.com/KBO_IMAGE/person/middle/2026/50902.jpg,0.313,0.256,0.429,0.286,0.667,1.000,0.000,,0.500
데이비슨,NC,https://6ptotvmi5753.edge.naverncp.com/KBO_IMAGE/person/middle/2026/54944.jpg,0.293,0.278,0.433,0.172,0.200,0.300,0.176,0.625,0.133
최정원,NC,https://6ptotvmi5753.edge.naverncp.com/KBO_IMAGE/person/middle/2026/69992.jpg,0.275,0.303,0.304,0.000,0.333,0.200,0.000,0.000,0.400
서호철,NC,https://6ptotvmi5753.edge.naverncp.com/KBO_IMAGE/person/middle/2026/69995.jpg,0.266,0.245,0.372,0.167,0.750,0.138,0.333,0.333,0.200
오태양,NC,https://6ptotvmi5753.edge.naverncp.com/KBO_IMAGE/person/middle/2026/51996.jpg,0.250,,,,,,,,
오영수,NC,https://6ptotvmi5753.edge.naverncp.com/KBO_IMAGE/person/middle/2026/68904.jpg,0.232,0.238,0.172,0.190,0.000,0.000,0.500,0.750,0.500
한재환,NC,https://6ptotvmi5753.edge.naverncp.com/KBO_IMAGE/person/middle/2026/50903.jpg,0.185,0.091,0.167,0.500,,0.000,1.000,0.500,0.000
도태훈,NC,https://6ptotvmi5753.edge.naverncp.com/KBO_IMAGE/person/middle/2026/66965.jpg,0.182,0.171,0.182,0.333,0.000,0.286,0.250,0.000,0.000
홍종표,NC,https://6ptotvmi5753.edge.naverncp.com/KBO_IMAGE/person/middle/2026/50600.jpg,0.164,0.182,0.222,0.333,0.000,0.000,0.000,0.000,0.000
안인산,NC,https://6ptotvmi5753.edge.naverncp.com/KBO_IMAGE/person/middle/2026/50901.jpg,0.000,,,,,,,,
박건우,NC,https://6ptotvmi5753.edge.naverncp.com/KBO_IMAGE/person/middle/2026/79215.jpg,0.289,0.262,0.352,0.250,0.286,0.333,0.500,0.000,0.313
박영빈,NC,https://6ptotvmi5753.edge.naverncp.com/KBO_IMAGE/person/middle/2026/50906.jpg,0.250,,,,,,,,
이우성,NC,https://6ptotvmi5753.edge.naverncp.com/KBO_IMAGE/person/middle/2026/63260.jpg,0.250,0.272,0.241,0.148,0.500,0.208,0.250,0.000,0.250
천재환,NC,https://6ptotvmi5753.edge.naverncp.com/KBO_IMAGE/person/middle/2026/67905.jpg,0.238,0.226,0.273,0.211,0.333,0.222,0.375,0.250,0.143
박시원,NC,https://6ptotvmi5753.edge.naverncp.com/KBO_IMAGE/person/middle/2026/50996.jpg,0.204,0.182,0.222,0.333,0.000,0.000,,,0.333
고승완,NC,https://6ptotvmi5753.edge.naverncp.com/KBO_IMAGE/person/middle/2026/54908.jpg,0.200,,,,,,,,
송승환,NC,https://6ptotvmi5753.edge.naverncp.com/KBO_IMAGE/person/middle/2025/69203.jpg,0.200,,,,,,,,
한석현,NC,https://6ptotvmi5753.edge.naverncp.com/KBO_IMAGE/person/middle/2026/64101.jpg,0.195,0.123,0.333,0.200,0.250,0.333,0.000,0.667,0.167
박한결,NC,https://6ptotvmi5753.edge.naverncp.com/KBO_IMAGE/person/middle/2026/53992.jpg,0.118,,,,,,,,
김범준,NC,https://6ptotvmi5753.edge.naverncp.com/KBO_IMAGE/person/middle/2026/69980.jpg,0.000,,,,,,,,
박건우,롯데,https://6ptotvmi5753.edge.naverncp.com/KBO_IMAGE/person/middle/2026/55509.jpg,0.667,,,,,,,,
박재엽,롯데,https://6ptotvmi5753.edge.naverncp.com/KBO_IMAGE/person/middle/2026/55563.jpg,0.286,0.375,0.000,0.000,0.000,0.500,,,0.000
유강남,롯데,https://6ptotvmi5753.edge.naverncp.com/KBO_IMAGE/person/middle/2026/61102.jpg,0.274,0.322,0.266,0.000,0.444,0.263,0.000,0.333,0.200
정보근,롯데,https://6ptotvmi5753.edge.naverncp.com/KBO_IMAGE/person/middle/2026/68518.jpg,0.186,0.121,0.182,0.250,0.000,0.286,0.667,0.333,0.333
손성빈,롯데,https://6ptotvmi5753.edge.naverncp.com/KBO_IMAGE/person/middle/2026/51528.jpg,0.145,0.188,0.071,0.333,0.000,0.000,,,0.000
강승구,롯데,https://6ptotvmi5753.edge.naverncp.com/KBO_IMAGE/person/middle/2026/54506.jpg,0.000,,,,,,,,
박찬형,롯데,https://6ptotvmi5753.edge.naverncp.com/KBO_IMAGE/person/middle/2026/55530.jpg,0.341,0.351,0.273,0.400,0.000,0.400,0.000,0.333,1.000
전민재,롯데,https://6ptotvmi5753.edge.naverncp.com/KBO_IMAGE/person/middle/2026/68205.jpg,0.287,0.317,0.264,0.314,0.167,0.111,0.000,0.500,0.455
한태양,롯데,https://6ptotvmi5753.edge.naverncp.com/KBO_IMAGE/person/middle/2026/52568.jpg,0.274,0.266,0.300,0.182,0.200,0.400,0.250,0.400,0.333
노진혁,롯데,https://6ptotvmi5753.edge.naverncp.com/KBO_IMAGE/person/middle/2026/62931.jpg,0.270,0.265,0.385,0.000,0.000,0.400,0.000,0.000,0.333
손호영,롯데,https://6ptotvmi5753.edge.naverncp.com/KBO_IMAGE/person/middle/2026/50150.jpg,0.250,0.224,0.245,0.240,0.333,0.292,0.500,0.333,0.444
김민성,롯데,https://6ptotvmi5753.edge.naverncp.com/KBO_IMAGE/person/middle/2026/77564.jpg,0.243,0.269,0.182,0.071,0.000,0.214,0.250,0.167,0.467
이호준,롯데,https://6ptotvmi5753.edge.naverncp.com/KBO_IMAGE/person/middle/2026/54598.jpg,0.242,0.203,0.200,0.231,0.250,0.412,0.333,0.000,0.250
나승엽,롯데,https://6ptotvmi5753.edge.naverncp.com/KBO_IMAGE/person/middle/2026/51551.jpg,0.229,0.203,0.233,0.222,0.778,0.194,0.200,0.200,0.333
정훈,롯데,https://6ptotvmi5753.edge.naverncp.com/KBO_IMAGE/person/middle/2025/60523.jpg,0.216,0.278,0.111,0.278,0.000,0.083,0.000,0.333,0.000
박승욱,롯데,https://6ptotvmi5753.edge.naverncp.com/KBO_IMAGE/person/middle/2026/62802.jpg,0.190,0.214,0.083,0.250,0.000,0.125,0.333,0.000,0.200
신윤후,롯데,https://6ptotvmi5753.edge.naverncp.com/KBO_IMAGE/person/middle/2026/69508.jpg,0.167,0.200,0.333,0.000,,0.000,,,0.000
최항,롯데,https://6ptotvmi5753.edge.naverncp.com/KBO_IMAGE/person/middle/2026/62884.jpg,0.167,,,,,,,,
이태경,롯데,https://6ptotvmi5753.edge.naverncp.com/KBO_IMAGE/person/middle/2026/55511.jpg,0.000,,,,,,,,
윤동희,롯데,https://6ptotvmi5753.edge.naverncp.com/KBO_IMAGE/person/middle/2026/52591.jpg,0.282,0.274,0.288,0.179,0.545,0.320,0.182,0.500,0.231
장두성,롯데,https://6ptotvmi5753.edge.naverncp.com/KBO_IMAGE/person/middle/2026/68507.jpg,0.262,0.259,0.261,0.238,0.400,0.188,0.333,0.364,0.250
황성빈,롯데,https://6ptotvmi5753.edge.naverncp.com/KBO_IMAGE/person/middle/2026/50500.jpg,0.256,0.286,0.211,0.222,0.286,0.364,0.000,0.333,0.100
김동혁,롯데,https://6ptotvmi5753.edge.naverncp.com/KBO_IMAGE/person/middle/2026/52504.jpg,0.225,0.207,0.286,0.167,,0.000,1.000,1.000,0.000
조세진,롯데,https://6ptotvmi5753.edge.naverncp.com/KBO_IMAGE/person/middle/2026/52516.jpg,0.143,0.500,0.000,0.000,,0.000,0.000,,0.000
한승현,롯데,https://6ptotvmi5753.edge.naverncp.com/KBO_IMAGE/person/middle/2026/55506.jpg,0.059,,,,,,,,
이지영,SSG,https://6ptotvmi5753.edge.naverncp.com/KBO_IMAGE/person/middle/2026/79456.jpg,0.239,0.250,0.314,0.150,0.250,0.185,0.000,0.500,0.000
조형우,SSG,https://6ptotvmi5753.edge.naverncp.com/KBO_IMAGE/person/middle/2026/51865.jpg,0.238,0.194,0.346,0.217,0.286,0.179,0.500,0.333,0.250
이율예,SSG,https://6ptotvmi5753.edge.naverncp.com/KBO_IMAGE/person/middle/2026/55832.jpg,0.231,0.000,1.000,,,0.333,,,0.000
신범수,SSG,https://6ptotvmi5753.edge.naverncp.com/KBO_IMAGE/person/middle/2026/66662.jpg,0.182,0.174,0.333,0.000,,0.000,0.000,,1.000
김태윤,SSG,https://6ptotvmi5753.edge.naverncp.com/KBO_IMAGE/person/middle/2026/52803.jpg,0.500,,,,,,,,
현원회,SSG,https://6ptotvmi5753.edge.naverncp.com/KBO_IMAGE/person/middle/2026/50840.jpg,0.305,0.290,0.455,0.500,0.000,0.000,0.667,,0.000
석정우,SSG,https://6ptotvmi5753.edge.naverncp.com/KBO_IMAGE/person/middle/2026/52804.jpg,0.265,,,,,,,,
안상현,SSG,https://6ptotvmi5753.edge.naverncp.com/KBO_IMAGE/person/middle/2026/66864.jpg,0.264,0.260,0.333,0.300,0.143,0.100,0.125,0.000,0.250
정준재,SSG,https://6ptotvmi5753.edge.naverncp.com/KBO_IMAGE/person/middle/2026/54812.jpg,0.245,0.238,0.224,0.156,0.750,0.296,0.375,0.286,0.250
최정,SSG,https://6ptotvmi5753.edge.naverncp.com/KBO_IMAGE/person/middle/2026/75847.jpg,0.244,0.212,0.320,0.086,0.333,0.379,0.333,0.250,0.500
김성현,SSG,https://6ptotvmi5753.edge.naverncp.com/KBO_IMAGE/person/middle/2026/76802.jpg,0.217,0.210,0.227,0.167,0.250,0.286,0.250,0.000,0.500
홍대인,SSG,https://6ptotvmi5753.edge.naverncp.com/KBO_IMAGE/person/middle/2026/55897.jpg,0.200,,,,,,,,
최준우,SSG,https://6ptotvmi5753.edge.naverncp.com/KBO_IMAGE/person/middle/2026/68868.jpg,0.191,0.138,0.233,0.273,0.000,0.250,0.167,0.250,0.429
김찬형,SSG,https://6ptotvmi5753.edge.naverncp.com/KBO_IMAGE/person/middle/2025/66917.jpg,0.178,0.154,0.143,0.000,,0.333,0.500,0.333,0.000
박지환,SSG,https://6ptotvmi5753.edge.naverncp.com/KBO_IMAGE/person/middle/2026/54805.jpg,0.150,0.132,0.200,0.500,0.000,0.400,0.000,0.000,0.000
김수윤,SSG,https://6ptotvmi5753.edge.naverncp.com/KBO_IMAGE/person/middle/2026/67900.jpg,0.091,,,,,,,,
정현승,SSG,https://6ptotvmi5753.edge.naverncp.com/KBO_IMAGE/person/middle/2026/54815.jpg,0.500,,,,,,,,
에레디아,SSG,https://6ptotvmi5753.edge.naverncp.com/KBO_IMAGE/person/middle/2026/53827.jpg,0.339,0.335,0.316,0.344,0.333,0.333,0.667,0.000,0.364
류효승,SSG,https://6ptotvmi5753.edge.naverncp.com/KBO_IMAGE/person/middle/2026/50868.jpg,0.287,0.234,0.400,0.500,0.000,0.222,0.500,,0.000
맥브룸,SSG,https://6ptotvmi5753.edge.naverncp.com/KBO_IMAGE/person/middle/2025/55844.jpg,0.203,0.167,0.200,0.300,0.250,0.500,0.000,0.000,0.000
오태곤,SSG,https://6ptotvmi5753.edge.naverncp.com/KBO_IMAGE/person/middle/2026/60558.jpg,0.201,0.156,0.292,0.188,0.000,0.286,0.000,0.400,0.167
이승민,SSG,https://6ptotvmi5753.edge.naverncp.com/KBO_IMAGE/person/middle/2026/54806.jpg,0.200,,,,,,,,
김성욱,SSG,https://6ptotvmi5753.edge.naverncp.com/KBO_IMAGE/person/middle/2026/62934.jpg,0.195,0.222,0.130,0.100,0.500,0.154,0.250,0.000,0.333
채현우,SSG,https://6ptotvmi5753.edge.naverncp.com/KBO_IMAGE/person/middle/2026/69804.jpg,0.188,0.167,0.182,0.000,,0.400,0.000,,0.500
최상민,SSG,https://6ptotvmi5753.edge.naverncp.com/KBO_IMAGE/person/middle/2025/68805.jpg,0.143,0.000,1.000,0.000,0.000,0.000,,,0.000
하재훈,SSG,https://6ptotvmi5753.edge.naverncp.com/KBO_IMAGE/person/middle/2026/69813.jpg,0.143,0.059,0.400,0.000,0.000,0.333,0.250,0.000,0.000
이정범,SSG,https://6ptotvmi5753.edge.naverncp.com/KBO_IMAGE/person/middle/2026/67807.jpg,0.000,,,,,,,,
임근우,SSG,https://6ptotvmi5753.edge.naverncp.com/KBO_IMAGE/person/middle/2026/52807.jpg,0.000,,,,,,,,
김동헌,키움,https://6ptotvmi5753.edge.naverncp.com/KBO_IMAGE/person/middle/2026/53344.jpg,0.268,0.217,0.417,0.143,0.667,0.200,0.429,,0.000
김건희,키움,https://6ptotvmi5753.edge.naverncp.com/KBO_IMAGE/person/middle/2026/53312.jpg,0.242,0.260,0.204,0.280,0.000,0.200,0.176,0.000,0.500
김재현,키움,https://6ptotvmi5753.edge.naverncp.com/KBO_IMAGE/person/middle/2026/62332.jpg,0.208,0.222,0.316,0.067,0.250,0.100,0.667,0.000,0.000
이재상,키움,https://6ptotvmi5753.edge.naverncp.com/KBO_IMAGE/person/middle/2026/54305.jpg,0.500,,,,,,,,
이주형,키움,https://6ptotvmi5753.edge.naverncp.com/KBO_IMAGE/person/middle/2026/51302.jpg,0.313,,,,,,,,
김병휘,키움,https://6ptotvmi5753.edge.naverncp.com/KBO_IMAGE/person/middle/2026/50304.jpg,0.250,,,,,,,,
오선진,키움,https://6ptotvmi5753.edge.naverncp.com/KBO_IMAGE/person/middle/2026/78756.jpg,0.238,0.178,0.273,0.313,0.600,0.286,0.222,0.000,0.333
어준서,키움,https://6ptotvmi5753.edge.naverncp.com/KBO_IMAGE/person/middle/2026/55392.jpg,0.238,0.232,0.274,0.259,0.200,0.154,0.200,0.375,0.200
김태진,키움,https://6ptotvmi5753.edge.naverncp.com/KBO_IMAGE/person/middle/2026/64984.jpg,0.233,0.268,0.216,0.100,0.200,0.176,0.111,0.200,0.250
전태현,키움,https://6ptotvmi5753.edge.naverncp.com/KBO_IMAGE/person/middle/2026/55397.jpg,0.231,0.214,0.225,0.278,0.000,0.308,0.000,0.667,0.000
고영우,키움,https://6ptotvmi5753.edge.naverncp.com/KBO_IMAGE/person/middle/2026/54344.jpg,0.217,0.182,0.000,0.333,1.000,0.000,0.000,,0.000
염승원,키움,https://6ptotvmi5753.edge.naverncp.com/KBO_IMAGE/person/middle/2026/55339.jpg,0.211,,,,,,,,
강진성,키움,https://6ptotvmi5753.edge.naverncp.com/KBO_IMAGE/person/middle/2025/62925.jpg,0.182,,,,,,,,
송지후,키움,https://6ptotvmi5753.edge.naverncp.com/KBO_IMAGE/person/middle/2026/54394.jpg,0.175,0.216,0.118,0.000,0.000,0.200,0.250,0.500,0.000
이원석,키움,https://6ptotvmi5753.edge.naverncp.com/KBO_IMAGE/person/middle/2025/75566.jpg,0.143,,,,,,,,
여동욱,키움,https://6ptotvmi5753.edge.naverncp.com/KBO_IMAGE/person/middle/2026/55393.jpg,0.132,0.250,0.067,0.000,,0.000,0.000,0.000,0.000
권혁빈,키움,https://6ptotvmi5753.edge.naverncp.com/KBO_IMAGE/person/middle/2026/55371.jpg,0.100,,,,,,,,
김웅빈,키움,https://6ptotvmi5753.edge.naverncp.com/KBO_IMAGE/person/middle/2026/65898.jpg,0.083,0.077,1.000,,0.000,0.000,0.000,,0.000
양현종,키움,https://6ptotvmi5753.edge.naverncp.com/KBO_IMAGE/person/middle/2026/55370.jpg,0.083,0.000,0.250,0.000,0.000,,,,0.000
서유신,키움,https://6ptotvmi5753.edge.naverncp.com/KBO_IMAGE/person/middle/2026/53309.jpg,0.000,,,,,,,,
이승원,키움,https://6ptotvmi5753.edge.naverncp.com/KBO_IMAGE/person/middle/2026/53302.jpg,0.000,,,,,,,,
변상권,키움,https://6ptotvmi5753.edge.naverncp.com/KBO_IMAGE/person/middle/2026/68305.jpg,0.263,,,,,,,,
카디네스,키움,https://6ptotvmi5753.edge.naverncp.com/KBO_IMAGE/person/middle/2025/54444.jpg,0.253,0.239,0.257,0.238,0.000,0.318,0.429,0.375,0.273
주성원,키움,https://6ptotvmi5753.edge.naverncp.com/KBO_IMAGE/person/middle/2026/69332.jpg,0.250,0.264,0.250,0.125,0.400,0.000,0.333,0.333,0.000
임지열,키움,https://6ptotvmi5753.edge.naverncp.com/KBO_IMAGE/person/middle/2026/64340.jpg,0.244,0.202,0.286,0.346,0.200,0.300,0.167,0.556,0.125
스톤,키움,https://6ptotvmi5753.edge.naverncp.com/KBO_IMAGE/person/middle/2025/55326.jpg,0.241,0.208,0.273,0.143,0.000,0.357,0.000,0.000,0.667
임병욱,키움,https://6ptotvmi5753.edge.naverncp.com/KBO_IMAGE/person/middle/2026/64346.jpg,0.233,0.236,0.167,0.500,0.000,0.091,0.500,0.333,0.667
박주홍,키움,https://6ptotvmi5753.edge.naverncp.com/KBO_IMAGE/person/middle/2026/50357.jpg,0.226,0.214,0.273,0.143,0.333,0.231,0.273,,0.000
김동엽,키움,https://6ptotvmi5753.edge.naverncp.com/KBO_IMAGE/person/middle/2026/66838.jpg,0.222,,,,,,,,
푸이그,키움,https://6ptotvmi5753.edge.naverncp.com/KBO_IMAGE/person/middle/2025/52366.jpg,0.212,0.178,0.259,0.118,,0.500,0.000,0.000,0.333
이형종,키움,https://6ptotvmi5753.edge.naverncp.com/KBO_IMAGE/person/middle/2026/78135.jpg,0.200,0.220,0.100,0.000,1.000,0.000,0.000,0.000,0.000
원성준,키움,https://6ptotvmi5753.edge.naverncp.com/KBO_IMAGE/person/middle/2026/54307.jpg,0.174,0.100,0.286,0.250,,0.333,,1.000,0.000
박수종,키움,https://6ptotvmi5753.edge.naverncp.com/KBO_IMAGE/person/middle/2026/52305.jpg,0.143,0.087,0.429,0.167,0.000,0.000,0.000,0.000,0.000
장재영,키움,https://6ptotvmi5753.edge.naverncp.com/KBO_IMAGE/person/middle/2026/51359.jpg,0.143,,,,,,,,
